CanvasUserID,Name,Num Assigned Peer Reviews,Num Completed Peer Reviews,Review: 1,Review: 2
2903,Jane001 Roe001,2,2,,
2904,Jane002 Roe002,2,0,35.0,41.0
2905,Jane003 Roe003,2,0,,
2906,Jane004 Roe004,0,0,,
2907,Jane005 Roe005,2,2,,
2912,Jane010 Roe010,0,0,,
2913,Jane011 Roe011,0,0,,
2914,Jane012 Roe012,2,0,,
2915,Jane013 Roe013,0,0,,
2916,Jane014 Roe014,0,0,,
2917,Jane015 Roe015,2,0,,
2918,Jane016 Roe016,2,0,,
2919,Jane017 Roe017,0,0,,
2920,Jane018 Roe018,0,0,,
2921,Jane019 Roe019,0,0,,
2922,Jane020 Roe020,2,0,62.0,
2923,Jane021 Roe021,2,0,,
2924,Jane022 Roe022,2,0,,
2925,Jane023 Roe023,0,0,,
2926,Jane024 Roe024,2,0,53.0,
2927,Jane025 Roe025,2,0,,
